{
    "task_index": {
        "min": [
            0
        ],
        "max": [
            0
        ],
        "mean": [
            0.0
        ],
        "std": [
            0.0
        ],
        "count": [
            2239
        ]
    },
    "timestamp": {
        "min": [
            0.0
        ],
        "max": [
            111.9
        ],
        "mean": [
            55.95
        ],
        "std": [
            32.31717809462949
        ],
        "count": [
            2239
        ]
    },
    "frame_index": {
        "min": [
            0
        ],
        "max": [
            2238
        ],
        "mean": [
            1119.0
        ],
        "std": [
            646.3435618925897
        ],
        "count": [
            2239
        ]
    },
    "episode_index": {
        "min": [
            0
        ],
        "max": [
            0
        ],
        "mean": [
            0.0
        ],
        "std": [
            0.0
        ],
        "count": [
            2239
        ]
    },
    "index": {
        "min": [
            0
        ],
        "max": [
            2238
        ],
        "mean": [
            1119.0
        ],
        "std": [
            646.3435618925897
        ],
        "count": [
            2239
        ]
    },
    "observation.state": {
        "min": [
            0.36685321270141164,
            -0.5724823580156472,
            -0.00112766019300158,
            -11.439617931391403,
            -14.895782852105702,
            6.339628221731724,
            -0.22056408864452004,
            -0.019057973184407304,
            0.0006292801128930089,
            -0.000921387232639313,
            -7.960364515443811e-05,
            -0.0002981682594548653,
            -0.1049477396064259,
            -0.13808799154975082,
            -0.8691076112771597,
            -0.002979943277779361,
            -7.586256748265294e-05,
            -0.0004718805281083085
        ],
        "max": [
            1.0669756282066059,
            0.0003806271480988834,
            0.00012845980844076435,
            0.0071896820212398295,
            -6.337870183305022,
            23.5910901097327,
            0.26456740752043006,
            0.3717538189582348,
            0.01812412427422447,
            0.005815035416006655,
            7.043059464294652e-05,
            6.978089291273886e-05,
            0.4972515039059203,
            0.6198100138690151,
            0.0095311976742774,
            0.008639457188820981,
            6.025863785130902e-05,
            0.00017618065089877236
        ],
        "mean": [
            0.8624937759790526,
            -0.22429769861055324,
            -0.00045367287380413285,
            -4.477130675281381,
            -12.69577131684256,
            17.175622895616698,
            0.015037433282095702,
            0.07236719188636485,
            0.009393550862963111,
            0.0024935378357846196,
            -6.804590005259934e-06,
            -0.00011671835087503073,
            0.41219637956306737,
            0.4096592486877473,
            -0.5455793921053523,
            0.0011966599046108822,
            -2.9426631680569524e-06,
            -7.23722951720172e-05
        ],
        "std": [
            0.21232285186127386,
            0.18615133547974658,
            0.0003158428615902293,
            3.7192132091698356,
            2.242791260832605,
            5.3879487714247105,
            0.11414209545320428,
            0.15111312941874952,
            0.0015947566983491345,
            0.0005695184248152776,
            2.122072500645441e-05,
            3.0424041569102617e-05,
            0.1979723063551091,
            0.29091979429840387,
            0.32468984693876596,
            0.0013893342137556402,
            1.1127123668238287e-05,
            6.542207956590235e-05
        ],
        "count": [
            2239
        ]
    },
    "action": {
        "min": [
            -13.979382535731398,
            -11.00093115952161,
            -0.5396079226010672,
            -0.10500000000000004,
            -0.15500000000000005,
            -1.0599999999999994,
            0.0,
            0.0,
            0.0,
            -0.22000000000000017,
            0.0,
            0.0,
            0.0,
            0.0,
            0.0,
            -5.808895551763873,
            -7.000906042790003,
            -0.5588281837206062
        ],
        "max": [
            11.474104568147856,
            13.917435552510202,
            0.41461205167841725,
            0.49500000000000033,
            0.6250000000000004,
            0.0,
            0.0,
            0.0,
            0.0,
            0.2650000000000001,
            0.39000000000000024,
            0.0,
            0.0,
            0.0,
            0.0,
            0.038527681476196445,
            3.834610851919342,
            7.514174839815471
        ],
        "mean": [
            -1.3775025331393416,
            -0.5045273742310408,
            0.010629737759117104,
            0.4190285841893737,
            0.4282358195623046,
            -0.6720343903528502,
            0.0,
            0.0,
            0.0,
            0.012646270656542743,
            0.09510495757034257,
            0.0,
            0.0,
            0.0,
            0.0,
            -2.555411118970355,
            -1.2693665639945142,
            3.8254154672304073
        ],
        "std": [
            5.018957158273332,
            7.6617167165962226,
            0.21391653405779437,
            0.19130001431242202,
            0.28734421103854435,
            0.3895628373782104,
            0.0,
            0.0,
            0.0,
            0.1195329153043672,
            0.15405759602143396,
            0.0,
            0.0,
            0.0,
            0.0,
            1.6162556527206575,
            2.87002424191339,
            2.0163767003970894
        ],
        "count": [
            2239
        ]
    }
}